period,addressId,diceName,bet_count
2012-04-21,3524394,lessthan 32000,0
2012-04-21,3517636,lessthan 32768,2
2012-04-21,3517367,lessthan 48000,1
2012-04-22,3524394,lessthan 32000,2
2012-04-22,3517636,lessthan 32768,20
2012-04-22,3517367,lessthan 48000,0
2012-04-23,3524394,lessthan 32000,0
2012-04-23,3517636,lessthan 32768,4
2012-04-23,3517367,lessthan 48000,0
2012-04-24,3524394,lessthan 32000,12
2012-04-24,3517636,lessthan 32768,13
2012-04-24,3517367,lessthan 48000,7
2012-04-25,3524394,lessthan 32000,191
2012-04-25,3517636,lessthan 32768,64
2012-04-25,3517367,lessthan 48000,4
2012-04-26,3524394,lessthan 32000,43
2012-04-26,3517636,lessthan 32768,23
2012-04-26,3517367,lessthan 48000,29
2012-04-27,3524394,lessthan 32000,26
2012-04-27,3517636,lessthan 32768,16
2012-04-27,3517367,lessthan 48000,10
2012-04-28,3524394,lessthan 32000,33
2012-04-28,3517636,lessthan 32768,88
2012-04-28,3517367,lessthan 48000,56
2012-04-29,3524394,lessthan 32000,207
2012-04-29,3517636,lessthan 32768,109
2012-04-29,3517367,lessthan 48000,59
2012-04-30,3524394,lessthan 32000,129
2012-04-30,3517636,lessthan 32768,175
2012-04-30,3517367,lessthan 48000,228
2012-05-01,3524394,lessthan 32000,216
2012-05-01,3517636,lessthan 32768,173
2012-05-01,3517367,lessthan 48000,136
2012-05-02,3524394,lessthan 32000,387
2012-05-02,3517636,lessthan 32768,130
2012-05-02,3517367,lessthan 48000,191
2012-05-03,3524394,lessthan 32000,596
2012-05-03,3517636,lessthan 32768,983
2012-05-03,3517367,lessthan 48000,362
2012-05-04,3524394,lessthan 32000,786
2012-05-04,3517636,lessthan 32768,936
2012-05-04,3517367,lessthan 48000,449
2012-05-05,3524394,lessthan 32000,1065
2012-05-05,3517636,lessthan 32768,426
2012-05-05,3517367,lessthan 48000,637
2012-05-06,3524394,lessthan 32000,906
2012-05-06,3517636,lessthan 32768,269
2012-05-06,3517367,lessthan 48000,279
2012-05-07,3524394,lessthan 32000,1388
2012-05-07,3517636,lessthan 32768,675
2012-05-07,3517367,lessthan 48000,611
2012-05-08,3524394,lessthan 32000,2222
2012-05-08,3517636,lessthan 32768,458
2012-05-08,3517367,lessthan 48000,982
2012-05-09,3524394,lessthan 32000,2192
2012-05-09,3517636,lessthan 32768,790
2012-05-09,3517367,lessthan 48000,452
2012-05-10,3524394,lessthan 32000,755
2012-05-10,3517636,lessthan 32768,595
2012-05-10,3517367,lessthan 48000,449
2012-05-11,3524394,lessthan 32000,1322
2012-05-11,3517636,lessthan 32768,3505
2012-05-11,3517367,lessthan 48000,307
2012-05-12,3524394,lessthan 32000,1387
2012-05-12,3517636,lessthan 32768,2481
2012-05-12,3517367,lessthan 48000,529
2012-05-13,3524394,lessthan 32000,1211
2012-05-13,3517636,lessthan 32768,1796
2012-05-13,3517367,lessthan 48000,617
2012-05-14,3524394,lessthan 32000,1365
2012-05-14,3517636,lessthan 32768,6970
2012-05-14,3517367,lessthan 48000,761
2012-05-15,3524394,lessthan 32000,1087
2012-05-15,3517636,lessthan 32768,4812
2012-05-15,3517367,lessthan 48000,870
2012-05-16,3524394,lessthan 32000,850
2012-05-16,3517636,lessthan 32768,3779
2012-05-16,3517367,lessthan 48000,420
2012-05-17,3524394,lessthan 32000,1018
2012-05-17,3517636,lessthan 32768,2724
2012-05-17,3517367,lessthan 48000,482
2012-05-18,3524394,lessthan 32000,871
2012-05-18,3517636,lessthan 32768,5899
2012-05-18,3517367,lessthan 48000,1242
2012-05-19,3524394,lessthan 32000,2121
2012-05-19,3517636,lessthan 32768,7615
2012-05-19,3517367,lessthan 48000,2986
2012-05-20,3524394,lessthan 32000,2292
2012-05-20,3517636,lessthan 32768,6009
2012-05-20,3517367,lessthan 48000,2373
2012-05-21,3524394,lessthan 32000,3106
2012-05-21,3517636,lessthan 32768,5823
2012-05-21,3517367,lessthan 48000,623
2012-05-22,3524394,lessthan 32000,4515
2012-05-22,3517636,lessthan 32768,1071
2012-05-22,3517367,lessthan 48000,816
2012-05-23,3524394,lessthan 32000,5380
2012-05-23,3517636,lessthan 32768,1485
2012-05-23,3517367,lessthan 48000,1249
2012-05-24,3524394,lessthan 32000,6595
2012-05-24,3517636,lessthan 32768,483
2012-05-24,3517367,lessthan 48000,1223
2012-05-25,3524394,lessthan 32000,8515
2012-05-25,3517636,lessthan 32768,336
2012-05-25,3517367,lessthan 48000,1347
2012-05-26,3524394,lessthan 32000,5392
2012-05-26,3517636,lessthan 32768,556
2012-05-26,3517367,lessthan 48000,915
2012-05-27,3524394,lessthan 32000,3048
2012-05-27,3517636,lessthan 32768,2902
2012-05-27,3517367,lessthan 48000,2508
2012-05-28,3524394,lessthan 32000,2261
2012-05-28,3517636,lessthan 32768,2811
2012-05-28,3517367,lessthan 48000,2827
2012-05-29,3524394,lessthan 32000,1451
2012-05-29,3517636,lessthan 32768,4969
2012-05-29,3517367,lessthan 48000,2425
2012-05-30,3524394,lessthan 32000,1466
2012-05-30,3517636,lessthan 32768,2940
2012-05-30,3517367,lessthan 48000,2779
2012-05-31,3524394,lessthan 32000,1123
2012-05-31,3517636,lessthan 32768,1170
2012-05-31,3517367,lessthan 48000,3199
2012-06-01,3524394,lessthan 32000,2474
2012-06-01,3517636,lessthan 32768,1709
2012-06-01,3517367,lessthan 48000,4889
2012-06-02,3524394,lessthan 32000,909
2012-06-02,3517636,lessthan 32768,487
2012-06-02,3517367,lessthan 48000,1422
2012-06-03,3524394,lessthan 32000,6667
2012-06-03,3517636,lessthan 32768,1155
2012-06-03,3517367,lessthan 48000,2598
2012-06-04,3524394,lessthan 32000,12591
2012-06-04,3517636,lessthan 32768,620
2012-06-04,3517367,lessthan 48000,1720
2012-06-05,3524394,lessthan 32000,14743
2012-06-05,3517636,lessthan 32768,504
2012-06-05,3517367,lessthan 48000,632
2012-06-06,3524394,lessthan 32000,2555
2012-06-06,3517636,lessthan 32768,231
2012-06-06,3517367,lessthan 48000,260
2012-06-07,3524394,lessthan 32000,10170
2012-06-07,3517636,lessthan 32768,587
2012-06-07,3517367,lessthan 48000,420
2012-06-08,3524394,lessthan 32000,5699
2012-06-08,3517636,lessthan 32768,835
2012-06-08,3517367,lessthan 48000,402
2012-06-09,3524394,lessthan 32000,8715
2012-06-09,3517636,lessthan 32768,732
2012-06-09,3517367,lessthan 48000,1030
2012-06-10,3524394,lessthan 32000,11896
2012-06-10,3517636,lessthan 32768,552
2012-06-10,3517367,lessthan 48000,809
2012-06-11,3524394,lessthan 32000,8760
2012-06-11,3517636,lessthan 32768,500
2012-06-11,3517367,lessthan 48000,938
2012-06-12,3524394,lessthan 32000,1027
2012-06-12,3517636,lessthan 32768,115
2012-06-12,3517367,lessthan 48000,140
2012-06-13,3524394,lessthan 32000,20187
2012-06-13,3517636,lessthan 32768,682
2012-06-13,3517367,lessthan 48000,480
2012-06-14,3524394,lessthan 32000,16882
2012-06-14,3517636,lessthan 32768,1408
2012-06-14,3517367,lessthan 48000,421
2012-06-15,3524394,lessthan 32000,14909
2012-06-15,3517636,lessthan 32768,1922
2012-06-15,3517367,lessthan 48000,364
2012-06-16,3524394,lessthan 32000,9555
2012-06-16,3517636,lessthan 32768,2180
2012-06-16,3517367,lessthan 48000,619
2012-06-17,3524394,lessthan 32000,9168
2012-06-17,3517636,lessthan 32768,1194
2012-06-17,3517367,lessthan 48000,1024
2012-06-18,3524394,lessthan 32000,9849
2012-06-18,3517636,lessthan 32768,1239
2012-06-18,3517367,lessthan 48000,751
2012-06-19,3524394,lessthan 32000,7472
2012-06-19,3517636,lessthan 32768,1407
2012-06-19,3517367,lessthan 48000,1863
2012-06-20,3524394,lessthan 32000,3794
2012-06-20,3517636,lessthan 32768,1528
2012-06-20,3517367,lessthan 48000,1335
2012-06-21,3524394,lessthan 32000,2878
2012-06-21,3517636,lessthan 32768,1568
2012-06-21,3517367,lessthan 48000,1132
2012-06-22,3524394,lessthan 32000,2602
2012-06-22,3517636,lessthan 32768,1471
2012-06-22,3517367,lessthan 48000,639
2012-06-23,3524394,lessthan 32000,2213
2012-06-23,3517636,lessthan 32768,1229
2012-06-23,3517367,lessthan 48000,522
2012-06-24,3524394,lessthan 32000,2453
2012-06-24,3517636,lessthan 32768,837
2012-06-24,3517367,lessthan 48000,1222
2012-06-25,3524394,lessthan 32000,2186
2012-06-25,3517636,lessthan 32768,1188
2012-06-25,3517367,lessthan 48000,980
2012-06-26,3524394,lessthan 32000,2756
2012-06-26,3517636,lessthan 32768,1608
2012-06-26,3517367,lessthan 48000,1126
2012-06-27,3524394,lessthan 32000,1449
2012-06-27,3517636,lessthan 32768,583
2012-06-27,3517367,lessthan 48000,1085
2012-06-28,3524394,lessthan 32000,3480
2012-06-28,3517636,lessthan 32768,619
2012-06-28,3517367,lessthan 48000,860
2012-06-29,3524394,lessthan 32000,1549
2012-06-29,3517636,lessthan 32768,417
2012-06-29,3517367,lessthan 48000,412
2012-06-30,3524394,lessthan 32000,2319
2012-06-30,3517636,lessthan 32768,382
2012-06-30,3517367,lessthan 48000,271
2012-07-01,3524394,lessthan 32000,1154
2012-07-01,3517636,lessthan 32768,384
2012-07-01,3517367,lessthan 48000,109
2012-07-02,3524394,lessthan 32000,2229
2012-07-02,3517636,lessthan 32768,471
2012-07-02,3517367,lessthan 48000,246
2012-07-03,3524394,lessthan 32000,1433
2012-07-03,3517636,lessthan 32768,900
2012-07-03,3517367,lessthan 48000,290
2012-07-04,3524394,lessthan 32000,1638
2012-07-04,3517636,lessthan 32768,860
2012-07-04,3517367,lessthan 48000,505
2012-07-05,3524394,lessthan 32000,1405
2012-07-05,3517636,lessthan 32768,1791
2012-07-05,3517367,lessthan 48000,448
2012-07-06,3524394,lessthan 32000,1533
2012-07-06,3517636,lessthan 32768,2125
2012-07-06,3517367,lessthan 48000,595
2012-07-07,3524394,lessthan 32000,741
2012-07-07,3517636,lessthan 32768,1202
2012-07-07,3517367,lessthan 48000,749
2012-07-08,3524394,lessthan 32000,1437
2012-07-08,3517636,lessthan 32768,1090
2012-07-08,3517367,lessthan 48000,326
2012-07-09,3524394,lessthan 32000,1388
2012-07-09,3517636,lessthan 32768,1541
2012-07-09,3517367,lessthan 48000,287
2012-07-10,3524394,lessthan 32000,696
2012-07-10,3517636,lessthan 32768,1286
2012-07-10,3517367,lessthan 48000,1074
2012-07-11,3524394,lessthan 32000,860
2012-07-11,3517636,lessthan 32768,1658
2012-07-11,3517367,lessthan 48000,865
2012-07-12,3524394,lessthan 32000,1444
2012-07-12,3517636,lessthan 32768,671
2012-07-12,3517367,lessthan 48000,456
2012-07-13,3524394,lessthan 32000,1554
2012-07-13,3517636,lessthan 32768,1162
2012-07-13,3517367,lessthan 48000,654
2012-07-14,3524394,lessthan 32000,816
2012-07-14,3517636,lessthan 32768,215
2012-07-14,3517367,lessthan 48000,756
2012-07-15,3524394,lessthan 32000,633
2012-07-15,3517636,lessthan 32768,240
2012-07-15,3517367,lessthan 48000,3884
2012-07-16,3524394,lessthan 32000,672
2012-07-16,3517636,lessthan 32768,414
2012-07-16,3517367,lessthan 48000,5753
2012-07-17,3524394,lessthan 32000,4889
2012-07-17,3517636,lessthan 32768,1837
2012-07-17,3517367,lessthan 48000,1576
2012-07-18,3524394,lessthan 32000,2835
2012-07-18,3517636,lessthan 32768,2316
2012-07-18,3517367,lessthan 48000,2181
2012-07-19,3524394,lessthan 32000,4632
2012-07-19,3517636,lessthan 32768,503
2012-07-19,3517367,lessthan 48000,1777
2012-07-20,3524394,lessthan 32000,3853
2012-07-20,3517636,lessthan 32768,1063
2012-07-20,3517367,lessthan 48000,1231
2012-07-21,3524394,lessthan 32000,3413
2012-07-21,3517636,lessthan 32768,1064
2012-07-21,3517367,lessthan 48000,1133
2012-07-22,3524394,lessthan 32000,3093
2012-07-22,3517636,lessthan 32768,1244
2012-07-22,3517367,lessthan 48000,1932
2012-07-23,3524394,lessthan 32000,2988
2012-07-23,3517636,lessthan 32768,1010
2012-07-23,3517367,lessthan 48000,747
2012-07-24,3524394,lessthan 32000,2187
2012-07-24,3517636,lessthan 32768,465
2012-07-24,3517367,lessthan 48000,808
2012-07-25,3524394,lessthan 32000,1106
2012-07-25,3517636,lessthan 32768,607
2012-07-25,3517367,lessthan 48000,552
2012-07-26,3524394,lessthan 32000,1425
2012-07-26,3517636,lessthan 32768,1004
2012-07-26,3517367,lessthan 48000,1429
2012-07-27,3524394,lessthan 32000,807
2012-07-27,3517636,lessthan 32768,1456
2012-07-27,3517367,lessthan 48000,2719
2012-07-28,3524394,lessthan 32000,1369
2012-07-28,3517636,lessthan 32768,1150
2012-07-28,3517367,lessthan 48000,3214
2012-07-29,3524394,lessthan 32000,6013
2012-07-29,3517636,lessthan 32768,1136
2012-07-29,3517367,lessthan 48000,1334
2012-07-30,3524394,lessthan 32000,5460
2012-07-30,3517636,lessthan 32768,1413
2012-07-30,3517367,lessthan 48000,1433
2012-07-31,3524394,lessthan 32000,3007
2012-07-31,3517636,lessthan 32768,826
2012-07-31,3517367,lessthan 48000,939
2012-08-01,3524394,lessthan 32000,1877
2012-08-01,3517636,lessthan 32768,716
2012-08-01,3517367,lessthan 48000,720
2012-08-02,3524394,lessthan 32000,2054
2012-08-02,3517636,lessthan 32768,992
2012-08-02,3517367,lessthan 48000,783
2012-08-03,3524394,lessthan 32000,2179
2012-08-03,3517636,lessthan 32768,1364
2012-08-03,3517367,lessthan 48000,894
2012-08-04,3524394,lessthan 32000,2792
2012-08-04,3517636,lessthan 32768,350
2012-08-04,3517367,lessthan 48000,1154
2012-08-05,3524394,lessthan 32000,2945
2012-08-05,3517636,lessthan 32768,1063
2012-08-05,3517367,lessthan 48000,1814
2012-08-06,3524394,lessthan 32000,2024
2012-08-06,3517636,lessthan 32768,804
2012-08-06,3517367,lessthan 48000,886
2012-08-07,3524394,lessthan 32000,1898
2012-08-07,3517636,lessthan 32768,850
2012-08-07,3517367,lessthan 48000,647
2012-08-08,3524394,lessthan 32000,4263
2012-08-08,3517636,lessthan 32768,1119
2012-08-08,3517367,lessthan 48000,924
2012-08-09,3524394,lessthan 32000,1239
2012-08-09,3517636,lessthan 32768,754
2012-08-09,3517367,lessthan 48000,415
2012-08-10,3524394,lessthan 32000,611
2012-08-10,3517636,lessthan 32768,850
2012-08-10,3517367,lessthan 48000,832
2012-08-11,3524394,lessthan 32000,1690
2012-08-11,3517636,lessthan 32768,764
2012-08-11,3517367,lessthan 48000,2205
2012-08-12,3524394,lessthan 32000,2768
2012-08-12,3517636,lessthan 32768,604
2012-08-12,3517367,lessthan 48000,1967
2012-08-13,3524394,lessthan 32000,4943
2012-08-13,3517636,lessthan 32768,623
2012-08-13,3517367,lessthan 48000,1073
2012-08-14,3524394,lessthan 32000,4757
2012-08-14,3517636,lessthan 32768,835
2012-08-14,3517367,lessthan 48000,1038
2012-08-15,3524394,lessthan 32000,4836
2012-08-15,3517636,lessthan 32768,702
2012-08-15,3517367,lessthan 48000,725
2012-08-16,3524394,lessthan 32000,4406
2012-08-16,3517636,lessthan 32768,750
2012-08-16,3517367,lessthan 48000,1056
2012-08-17,3524394,lessthan 32000,4098
2012-08-17,3517636,lessthan 32768,474
2012-08-17,3517367,lessthan 48000,1068
2012-08-18,3524394,lessthan 32000,3478
2012-08-18,3517636,lessthan 32768,574
2012-08-18,3517367,lessthan 48000,916
2012-08-19,3524394,lessthan 32000,3851
2012-08-19,3517636,lessthan 32768,776
2012-08-19,3517367,lessthan 48000,670
2012-08-20,3524394,lessthan 32000,4262
2012-08-20,3517636,lessthan 32768,1018
2012-08-20,3517367,lessthan 48000,311
2012-08-21,3524394,lessthan 32000,4704
2012-08-21,3517636,lessthan 32768,945
2012-08-21,3517367,lessthan 48000,387
2012-08-22,3524394,lessthan 32000,3862
2012-08-22,3517636,lessthan 32768,1049
2012-08-22,3517367,lessthan 48000,1401
2012-08-23,3524394,lessthan 32000,2270
2012-08-23,3517636,lessthan 32768,810
2012-08-23,3517367,lessthan 48000,1253
2012-08-24,3524394,lessthan 32000,3431
2012-08-24,3517636,lessthan 32768,788
2012-08-24,3517367,lessthan 48000,972
2012-08-25,3524394,lessthan 32000,4491
2012-08-25,3517636,lessthan 32768,1095
2012-08-25,3517367,lessthan 48000,571
2012-08-26,3524394,lessthan 32000,3765
2012-08-26,3517636,lessthan 32768,799
2012-08-26,3517367,lessthan 48000,391
2012-08-27,3524394,lessthan 32000,3731
2012-08-27,3517636,lessthan 32768,1791
2012-08-27,3517367,lessthan 48000,676
2012-08-28,3524394,lessthan 32000,3609
2012-08-28,3517636,lessthan 32768,1092
2012-08-28,3517367,lessthan 48000,461
2012-08-29,3524394,lessthan 32000,3006
2012-08-29,3517636,lessthan 32768,1269
2012-08-29,3517367,lessthan 48000,470
2012-08-30,3524394,lessthan 32000,5301
2012-08-30,3517636,lessthan 32768,734
2012-08-30,3517367,lessthan 48000,883
2012-08-31,3524394,lessthan 32000,6377
2012-08-31,3517636,lessthan 32768,882
2012-08-31,3517367,lessthan 48000,925
2012-09-01,3524394,lessthan 32000,4803
2012-09-01,3517636,lessthan 32768,693
2012-09-01,3517367,lessthan 48000,1618
2012-09-02,3524394,lessthan 32000,3519
2012-09-02,3517636,lessthan 32768,1151
2012-09-02,3517367,lessthan 48000,1376
2012-09-03,3524394,lessthan 32000,7102
2012-09-03,3517636,lessthan 32768,801
2012-09-03,3517367,lessthan 48000,1793
2012-09-04,3524394,lessthan 32000,4742
2012-09-04,3517636,lessthan 32768,474
2012-09-04,3517367,lessthan 48000,1757
2012-09-05,3524394,lessthan 32000,4736
2012-09-05,3517636,lessthan 32768,555
2012-09-05,3517367,lessthan 48000,913
2012-09-06,3524394,lessthan 32000,3097
2012-09-06,3517636,lessthan 32768,926
2012-09-06,3517367,lessthan 48000,517
2012-09-07,3524394,lessthan 32000,1861
2012-09-07,3517636,lessthan 32768,1015
2012-09-07,3517367,lessthan 48000,384
2012-09-08,3524394,lessthan 32000,2059
2012-09-08,3517636,lessthan 32768,2333
2012-09-08,3517367,lessthan 48000,702
2012-09-09,3524394,lessthan 32000,2251
2012-09-09,3517636,lessthan 32768,2390
2012-09-09,3517367,lessthan 48000,467
2012-09-10,3524394,lessthan 32000,2918
2012-09-10,3517636,lessthan 32768,2306
2012-09-10,3517367,lessthan 48000,431
2012-09-11,3524394,lessthan 32000,4140
2012-09-11,3517636,lessthan 32768,2247
2012-09-11,3517367,lessthan 48000,300
2012-09-12,3524394,lessthan 32000,2605
2012-09-12,3517636,lessthan 32768,879
2012-09-12,3517367,lessthan 48000,156
2012-09-13,3524394,lessthan 32000,3061
2012-09-13,3517636,lessthan 32768,1406
2012-09-13,3517367,lessthan 48000,260
2012-09-14,3524394,lessthan 32000,5384
2012-09-14,3517636,lessthan 32768,1480
2012-09-14,3517367,lessthan 48000,648
2012-09-15,3524394,lessthan 32000,4057
2012-09-15,3517636,lessthan 32768,672
2012-09-15,3517367,lessthan 48000,372
2012-09-16,3524394,lessthan 32000,4247
2012-09-16,3517636,lessthan 32768,560
2012-09-16,3517367,lessthan 48000,691
2012-09-17,3524394,lessthan 32000,2642
2012-09-17,3517636,lessthan 32768,844
2012-09-17,3517367,lessthan 48000,366
2012-09-18,3524394,lessthan 32000,3316
2012-09-18,3517636,lessthan 32768,1492
2012-09-18,3517367,lessthan 48000,521
2012-09-19,3524394,lessthan 32000,2794
2012-09-19,3517636,lessthan 32768,1866
2012-09-19,3517367,lessthan 48000,522
2012-09-20,3524394,lessthan 32000,2549
2012-09-20,3517636,lessthan 32768,1212
2012-09-20,3517367,lessthan 48000,435
2012-09-21,3524394,lessthan 32000,4877
2012-09-21,3517636,lessthan 32768,1093
2012-09-21,3517367,lessthan 48000,630
2012-09-22,3524394,lessthan 32000,3160
2012-09-22,3517636,lessthan 32768,379
2012-09-22,3517367,lessthan 48000,532
2012-09-23,3524394,lessthan 32000,4032
2012-09-23,3517636,lessthan 32768,996
2012-09-23,3517367,lessthan 48000,614
2012-09-24,3524394,lessthan 32000,3989
2012-09-24,3517636,lessthan 32768,1191
2012-09-24,3517367,lessthan 48000,301
2012-09-25,3524394,lessthan 32000,2038
2012-09-25,3517636,lessthan 32768,328
2012-09-25,3517367,lessthan 48000,188
2012-09-26,3524394,lessthan 32000,3750
2012-09-26,3517636,lessthan 32768,571
2012-09-26,3517367,lessthan 48000,489
2012-09-27,3524394,lessthan 32000,2268
2012-09-27,3517636,lessthan 32768,310
2012-09-27,3517367,lessthan 48000,661
2012-09-28,3524394,lessthan 32000,1236
2012-09-28,3517636,lessthan 32768,745
2012-09-28,3517367,lessthan 48000,754
2012-09-29,3524394,lessthan 32000,1342
2012-09-29,3517636,lessthan 32768,382
2012-09-29,3517367,lessthan 48000,835
2012-09-30,3524394,lessthan 32000,1631
2012-09-30,3517636,lessthan 32768,287
2012-09-30,3517367,lessthan 48000,371
2012-10-01,3524394,lessthan 32000,1698
2012-10-01,3517636,lessthan 32768,649
2012-10-01,3517367,lessthan 48000,641
2012-10-02,3524394,lessthan 32000,1848
2012-10-02,3517636,lessthan 32768,1666
2012-10-02,3517367,lessthan 48000,675
2012-10-03,3524394,lessthan 32000,1552
2012-10-03,3517636,lessthan 32768,545
2012-10-03,3517367,lessthan 48000,1021
2012-10-04,3524394,lessthan 32000,4130
2012-10-04,3517636,lessthan 32768,1083
2012-10-04,3517367,lessthan 48000,409
2012-10-05,3524394,lessthan 32000,5925
2012-10-05,3517636,lessthan 32768,1428
2012-10-05,3517367,lessthan 48000,455
2012-10-06,3524394,lessthan 32000,5771
2012-10-06,3517636,lessthan 32768,2253
2012-10-06,3517367,lessthan 48000,376
2012-10-07,3524394,lessthan 32000,5619
2012-10-07,3517636,lessthan 32768,1481
2012-10-07,3517367,lessthan 48000,256
2012-10-08,3524394,lessthan 32000,6282
2012-10-08,3517636,lessthan 32768,2773
2012-10-08,3517367,lessthan 48000,683
2012-10-09,3524394,lessthan 32000,4969
2012-10-09,3517636,lessthan 32768,896
2012-10-09,3517367,lessthan 48000,512
2012-10-10,3524394,lessthan 32000,3498
2012-10-10,3517636,lessthan 32768,612
2012-10-10,3517367,lessthan 48000,749
2012-10-11,3524394,lessthan 32000,1511
2012-10-11,3517636,lessthan 32768,1163
2012-10-11,3517367,lessthan 48000,405
2012-10-12,3524394,lessthan 32000,2220
2012-10-12,3517636,lessthan 32768,1190
2012-10-12,3517367,lessthan 48000,403
2012-10-13,3524394,lessthan 32000,2769
2012-10-13,3517636,lessthan 32768,947
2012-10-13,3517367,lessthan 48000,274
2012-10-14,3524394,lessthan 32000,3644
2012-10-14,3517636,lessthan 32768,782
2012-10-14,3517367,lessthan 48000,360
2012-10-15,3524394,lessthan 32000,4037
2012-10-15,3517636,lessthan 32768,1055
2012-10-15,3517367,lessthan 48000,368
2012-10-16,3524394,lessthan 32000,4543
2012-10-16,3517636,lessthan 32768,1452
2012-10-16,3517367,lessthan 48000,608
2012-10-17,3524394,lessthan 32000,2758
2012-10-17,3517636,lessthan 32768,1318
2012-10-17,3517367,lessthan 48000,600
2012-10-18,3524394,lessthan 32000,1839
2012-10-18,3517636,lessthan 32768,1019
2012-10-18,3517367,lessthan 48000,254
2012-10-19,3524394,lessthan 32000,1963
2012-10-19,3517636,lessthan 32768,793
2012-10-19,3517367,lessthan 48000,195
2012-10-20,3524394,lessthan 32000,3430
2012-10-20,3517636,lessthan 32768,337
2012-10-20,3517367,lessthan 48000,339
2012-10-21,3524394,lessthan 32000,7347
2012-10-21,3517636,lessthan 32768,350
2012-10-21,3517367,lessthan 48000,863
2012-10-22,3524394,lessthan 32000,9920
2012-10-22,3517636,lessthan 32768,311
2012-10-22,3517367,lessthan 48000,1350
2012-10-23,3524394,lessthan 32000,5119
2012-10-23,3517636,lessthan 32768,499
2012-10-23,3517367,lessthan 48000,750
2012-10-24,3524394,lessthan 32000,3207
2012-10-24,3517636,lessthan 32768,468
2012-10-24,3517367,lessthan 48000,795
2012-10-25,3524394,lessthan 32000,2476
2012-10-25,3517636,lessthan 32768,249
2012-10-25,3517367,lessthan 48000,795
2012-10-26,3524394,lessthan 32000,1126
2012-10-26,3517636,lessthan 32768,320
2012-10-26,3517367,lessthan 48000,597
2012-10-27,3524394,lessthan 32000,298
2012-10-27,3517636,lessthan 32768,682
2012-10-27,3517367,lessthan 48000,165
2012-10-28,3524394,lessthan 32000,564
2012-10-28,3517636,lessthan 32768,937
2012-10-28,3517367,lessthan 48000,310
2012-10-29,3524394,lessthan 32000,558
2012-10-29,3517636,lessthan 32768,1988
2012-10-29,3517367,lessthan 48000,500
2012-10-30,3524394,lessthan 32000,545
2012-10-30,3517636,lessthan 32768,4252
2012-10-30,3517367,lessthan 48000,903
2012-10-31,3524394,lessthan 32000,920
2012-10-31,3517636,lessthan 32768,2355
2012-10-31,3517367,lessthan 48000,393
2012-11-01,3524394,lessthan 32000,521
2012-11-01,3517636,lessthan 32768,2536
2012-11-01,3517367,lessthan 48000,427
2012-11-02,3524394,lessthan 32000,790
2012-11-02,3517636,lessthan 32768,3336
2012-11-02,3517367,lessthan 48000,735
2012-11-03,3524394,lessthan 32000,629
2012-11-03,3517636,lessthan 32768,1967
2012-11-03,3517367,lessthan 48000,671
2012-11-04,3524394,lessthan 32000,619
2012-11-04,3517636,lessthan 32768,1689
2012-11-04,3517367,lessthan 48000,823
2012-11-05,3524394,lessthan 32000,2148
2012-11-05,3517636,lessthan 32768,2027
2012-11-05,3517367,lessthan 48000,970
2012-11-06,3524394,lessthan 32000,1733
2012-11-06,3517636,lessthan 32768,1946
2012-11-06,3517367,lessthan 48000,1549
2012-11-07,3524394,lessthan 32000,1979
2012-11-07,3517636,lessthan 32768,1117
2012-11-07,3517367,lessthan 48000,2114
2012-11-08,3524394,lessthan 32000,1480
2012-11-08,3517636,lessthan 32768,1498
2012-11-08,3517367,lessthan 48000,1671
2012-11-09,3524394,lessthan 32000,968
2012-11-09,3517636,lessthan 32768,1258
2012-11-09,3517367,lessthan 48000,714
2012-11-10,3524394,lessthan 32000,1072
2012-11-10,3517636,lessthan 32768,1736
2012-11-10,3517367,lessthan 48000,787
2012-11-11,3524394,lessthan 32000,1562
2012-11-11,3517636,lessthan 32768,1351
2012-11-11,3517367,lessthan 48000,514
2012-11-12,3524394,lessthan 32000,1563
2012-11-12,3517636,lessthan 32768,1269
2012-11-12,3517367,lessthan 48000,512
2012-11-13,3524394,lessthan 32000,1791
2012-11-13,3517636,lessthan 32768,1749
2012-11-13,3517367,lessthan 48000,756
2012-11-14,3524394,lessthan 32000,3918
2012-11-14,3517636,lessthan 32768,1591
2012-11-14,3517367,lessthan 48000,735
2012-11-15,3524394,lessthan 32000,5019
2012-11-15,3517636,lessthan 32768,2183
2012-11-15,3517367,lessthan 48000,538
2012-11-16,3524394,lessthan 32000,4242
2012-11-16,3517636,lessthan 32768,2309
2012-11-16,3517367,lessthan 48000,777
2012-11-17,3524394,lessthan 32000,2776
2012-11-17,3517636,lessthan 32768,2391
2012-11-17,3517367,lessthan 48000,923
2012-11-18,3524394,lessthan 32000,3634
2012-11-18,3517636,lessthan 32768,1896
2012-11-18,3517367,lessthan 48000,696
2012-11-19,3524394,lessthan 32000,5562
2012-11-19,3517636,lessthan 32768,1571
2012-11-19,3517367,lessthan 48000,1006
2012-11-20,3524394,lessthan 32000,5492
2012-11-20,3517636,lessthan 32768,1414
2012-11-20,3517367,lessthan 48000,697
2012-11-21,3524394,lessthan 32000,5438
2012-11-21,3517636,lessthan 32768,1739
2012-11-21,3517367,lessthan 48000,881
2012-11-22,3524394,lessthan 32000,1319
2012-11-22,3517636,lessthan 32768,996
2012-11-22,3517367,lessthan 48000,555
2012-11-23,3524394,lessthan 32000,1977
2012-11-23,3517636,lessthan 32768,1402
2012-11-23,3517367,lessthan 48000,696
2012-11-24,3524394,lessthan 32000,2653
2012-11-24,3517636,lessthan 32768,1368
2012-11-24,3517367,lessthan 48000,584
2012-11-25,3524394,lessthan 32000,2468
2012-11-25,3517636,lessthan 32768,3029
2012-11-25,3517367,lessthan 48000,599
2012-11-26,3524394,lessthan 32000,1691
2012-11-26,3517636,lessthan 32768,1919
2012-11-26,3517367,lessthan 48000,944
2012-11-27,3524394,lessthan 32000,1210
2012-11-27,3517636,lessthan 32768,1074
2012-11-27,3517367,lessthan 48000,1374
2012-11-28,3524394,lessthan 32000,2351
2012-11-28,3517636,lessthan 32768,2034
2012-11-28,3517367,lessthan 48000,1926
2012-11-29,3524394,lessthan 32000,3038
2012-11-29,3517636,lessthan 32768,2604
2012-11-29,3517367,lessthan 48000,1156
2012-11-30,3524394,lessthan 32000,2015
2012-11-30,3517636,lessthan 32768,2792
2012-11-30,3517367,lessthan 48000,692
2012-12-01,3524394,lessthan 32000,2083
2012-12-01,3517636,lessthan 32768,1539
2012-12-01,3517367,lessthan 48000,1000
2012-12-02,3524394,lessthan 32000,1102
2012-12-02,3517636,lessthan 32768,567
2012-12-02,3517367,lessthan 48000,374
2012-12-03,3524394,lessthan 32000,1112
2012-12-03,3517636,lessthan 32768,724
2012-12-03,3517367,lessthan 48000,358
2012-12-04,3524394,lessthan 32000,2046
2012-12-04,3517636,lessthan 32768,1777
2012-12-04,3517367,lessthan 48000,1118
2012-12-05,3524394,lessthan 32000,2965
2012-12-05,3517636,lessthan 32768,2228
2012-12-05,3517367,lessthan 48000,1072
2012-12-06,3524394,lessthan 32000,3043
2012-12-06,3517636,lessthan 32768,2025
2012-12-06,3517367,lessthan 48000,1368
2012-12-07,3524394,lessthan 32000,3221
2012-12-07,3517636,lessthan 32768,976
2012-12-07,3517367,lessthan 48000,456
2012-12-08,3524394,lessthan 32000,2932
2012-12-08,3517636,lessthan 32768,1081
2012-12-08,3517367,lessthan 48000,780
2012-12-09,3524394,lessthan 32000,2690
2012-12-09,3517636,lessthan 32768,2244
2012-12-09,3517367,lessthan 48000,730
2012-12-10,3524394,lessthan 32000,1896
2012-12-10,3517636,lessthan 32768,1545
2012-12-10,3517367,lessthan 48000,1046
2012-12-11,3524394,lessthan 32000,2311
2012-12-11,3517636,lessthan 32768,2688
2012-12-11,3517367,lessthan 48000,1333
2012-12-12,3524394,lessthan 32000,1576
2012-12-12,3517636,lessthan 32768,2100
2012-12-12,3517367,lessthan 48000,757
2012-12-13,3524394,lessthan 32000,2046
2012-12-13,3517636,lessthan 32768,2931
2012-12-13,3517367,lessthan 48000,1205
2012-12-14,3524394,lessthan 32000,2832
2012-12-14,3517636,lessthan 32768,2669
2012-12-14,3517367,lessthan 48000,962
2012-12-15,3524394,lessthan 32000,2575
2012-12-15,3517636,lessthan 32768,1155
2012-12-15,3517367,lessthan 48000,649
2012-12-16,3524394,lessthan 32000,3723
2012-12-16,3517636,lessthan 32768,914
2012-12-16,3517367,lessthan 48000,567
2012-12-17,3524394,lessthan 32000,5320
2012-12-17,3517636,lessthan 32768,1287
2012-12-17,3517367,lessthan 48000,761
2012-12-18,3524394,lessthan 32000,7040
2012-12-18,3517636,lessthan 32768,1881
2012-12-18,3517367,lessthan 48000,947
2012-12-19,3524394,lessthan 32000,5296
2012-12-19,3517636,lessthan 32768,2624
2012-12-19,3517367,lessthan 48000,1981
2012-12-20,3524394,lessthan 32000,3255
2012-12-20,3517636,lessthan 32768,2005
2012-12-20,3517367,lessthan 48000,850
2012-12-21,3524394,lessthan 32000,5992
2012-12-21,3517636,lessthan 32768,1684
2012-12-21,3517367,lessthan 48000,789
2012-12-22,3524394,lessthan 32000,4364
2012-12-22,3517636,lessthan 32768,2132
2012-12-22,3517367,lessthan 48000,4184
2012-12-23,3524394,lessthan 32000,3587
2012-12-23,3517636,lessthan 32768,2584
2012-12-23,3517367,lessthan 48000,1109
2012-12-24,3524394,lessthan 32000,2222
2012-12-24,3517636,lessthan 32768,2305
2012-12-24,3517367,lessthan 48000,1870
2012-12-25,3524394,lessthan 32000,2534
2012-12-25,3517636,lessthan 32768,1291
2012-12-25,3517367,lessthan 48000,1724
2012-12-26,3524394,lessthan 32000,2186
2012-12-26,3517636,lessthan 32768,1828
2012-12-26,3517367,lessthan 48000,2708
2012-12-27,3524394,lessthan 32000,3420
2012-12-27,3517636,lessthan 32768,3177
2012-12-27,3517367,lessthan 48000,1457
2012-12-28,3524394,lessthan 32000,4035
2012-12-28,3517636,lessthan 32768,1582
2012-12-28,3517367,lessthan 48000,1588
2012-12-29,3524394,lessthan 32000,2359
2012-12-29,3517636,lessthan 32768,1600
2012-12-29,3517367,lessthan 48000,1921
2012-12-30,3524394,lessthan 32000,2493
2012-12-30,3517636,lessthan 32768,2124
2012-12-30,3517367,lessthan 48000,1145
2012-12-31,3524394,lessthan 32000,2339
2012-12-31,3517636,lessthan 32768,1797
2012-12-31,3517367,lessthan 48000,984
