1A1zP1eP5QGefi2DMPTfTL5SLmv7DivfNa,0
12c6DSiU4Rq3P4ZxziKxzrL5LmMBrzjrJX,1
1HLoD9E4SDFFPDiYfNYnkBLQ85Y51J3Zb1,2
1FvzCLoTPGANNjWoUo6jUGuAG3wg1w4YjR,3
15ubicBBWFnvoZLT7GiU2qxjRaKJPdkDMG,4
1JfbZRwdDHKZmuiZgYArJZhcuuzuw2HuMu,5
1GkQmKAmHtNfnD3LHhTkewJxKHVSta4m2a,6
16LoW7y83wtawMg5XmT4M3Q7EdjjUmenjM,7
1J6PYEzr4CUoGbnXrELyHszoTSz3wCsCaj,8
12cbQLTFMXRnSzktFkuoG3eHoMeFtpTu3S,9
15yN7NPEpu82sHhB6TzCW5z5aXoamiKeGy,10
1dyoBoF5vDmPCxwSsUZbbYhA5qjAfBTx9,11
1PYELM7jXHy5HhatbXGXfRpGrgMMxmpobu,12
17abzUBJr7cnqfnxnmznn8W38s9f9EoXiq,13
1DMGtVnRrgZaji7C9noZS3a1QtoaAN2uRG,14
1CYG7y3fukVLdobqgUtbknwWKUZ5p1HVmV,15
16kktFTqsruEfPPphW4YgjktRF28iT8Dby,16
1LPBetDzQ3cYwqQepg4teFwR7FnR1TkMCM,17
1DJkjSqW9cX9XWdU71WX3Aw6s6Mk4C3TtN,18
1P9VmZogiic8d5ZUVZofrdtzXgtpbG9fop,19
15ubjFzmWVvj3TqcpJ1bSsb8joJ6gF6dZa,20
1Fi7o3BKMcT82NVtnMRNqsj8aE5CWbAo4z,21
1DmKBaveG8iQA7nTGpRQ1bf8cJ7zqSMCjJ,22
1AqC4PhwYf7QAyGBhThcyQCKHJyyyLyAwc,23
1JXLFv719ec3bzTXaSq7vqRFS634LErtJu,24
15VF3MsCzjHmFQ3wK3SMrTEBTmFY8zhJnU,25
1KDnp5D9sEUNGFY2z4JiKhwfbm7zqYp4Bz,26
1G43MvhzCqRz1ctsQUmgU4LgLuSVdfU557,27
18a3JX7ZZvu5CdaqY33RxzXB3ytEjspsGq,28
1GnYgH4V4kHdYEdHwAczRHXwqxdY7xars1,29
17x23dNjXJLzGMev6R63uyRhMWP1VHawKc,30
1PHB5i7JMEZCKvcjYSQXPbi5oSK8DoJucS,31
1Bw7RG9a19SjCNszmXQZhBwe1gEj4Vb2JZ,32
1MKRkcXG7cUb83EGNjK5TSHcKgVjVMTou5,33
1BTsxjF9rXtFvUZ2UFditbeUpohGgKCxUt,34
16bo8EmUnLJAmtDNavgcs1BQ5rU4YcR9UC,35
1NHHWnZKTetjZZfAbVjTS9EHQafdH6xn8a,36
1DpJP16GXSht3hJ5DZDumKcwAFqQQVkffN,37
1DpSDwF12wX5ogkS2HXabT7iWtCkAqJD9k,38
1KzvBTUbdwNBXiTkzr1msFUtPf7Vu2zLiu,39
1AQ2m6GH78oLgZYCdueUb4Zjxg1L6BkHZM,40
1DEwdHYmo8q6AhSHG7UgxEjttNMFdw9e7u,41
1DnzNm7QC479kSydvzmgb16X2c5GwRVzs1,42
1Bhq4Uz1Cg8vZLWy5uT3X3Ea3XDSNvkvCM,43
1HjE5zRg4eYm7jCHB9oSH5WbyZdH1GE2Ns,44
1D2zWLwXkdgFw5VtcYVtBhZuq5j4qwiRQP,45
1BEKzoSq5kTRNhL9ezh8KJ5vt2NzigQV2K,46
136g5f3pBidF6q8udL5GGb66CzG7AzBNwv,47
1FaUNstQc4FUena9XodmbfHgoMD9yKpT4d,48
18K6LJ9wFKSkYDA3dspswRPWiPgNZKvN7d,49
17iyRRXBHJKbv5DKPPkttWewm3CHdNPGQd,50
